0;POINT (40.4973008 1.3557767);1000;1452373200000;1452545999999;payload;49
1;POINT (40.5324843 0.7417725);1000;1452459600000;1452891599999;payload;26
2;POINT (40.3152279 -0.0670206);1000;1452373200000;1452545999999;payload;83
3;POINT (41.2093396 0.3601548);1000;1452459600000;1452545999999;payload;32
4;POINT (40.5839345 -0.9397022);1000;1452373200000;1452459599999;payload;68
5;POINT (41.0573224 1.3433434);1000;1452286800000;1452545999999;payload;47
6;POINT (40.1661789 0.7208190);1000;1452373200000;1452632399999;payload;84
7;POINT (41.0208511 0.0242914);1000;1452373200000;1452545999999;payload;99
8;POINT (40.6623321 0.1696483);1000;1452114000000;1452459599999;payload;81
9;POINT (40.9632806 1.0013017);1000;1452027600000;1452459599999;payload;48
10;POINT (40.2707823 0.1978750);1000;1452200400000;1452459599999;payload;70
11;POINT (40.5449732 0.1306487);1000;1452114000000;1452200399999;payload;2
12;POINT (40.1688641 -0.7100574);1000;1452027600000;1452286799999;payload;1
13;POINT (41.3063100 -0.0593329);1000;1452373200000;1452545999999;payload;43
14;POINT (41.1099205 0.8024008);1000;1452114000000;1452373199999;payload;5
15;POINT (40.7769725 0.3743872);1000;1452200400000;1452286799999;payload;59
16;POINT (40.7304385 1.5527539);1000;1452373200000;1452718799999;payload;84
17;POINT (40.9767072 -0.3337696);1000;1452114000000;1452200399999;payload;77
18;POINT (41.3521537 0.9213783);1000;1452373200000;1452718799999;payload;57
19;POINT (41.1440154 0.2246288);1000;1452459600000;1452805199999;payload;9
20;POINT (40.9038012 1.5504740);1000;1452286800000;1452459599999;payload;85
21;POINT (40.2207764 1.7847312);1000;1452373200000;1452459599999;payload;38
22;POINT (41.3034674 1.1587571);1000;1452373200000;1452545999999;payload;3
23;POINT (40.5237366 -0.6509282);1000;1452373200000;1452805199999;payload;44
24;POINT (40.0046700 -0.0543588);1000;1452286800000;1452459599999;payload;22
25;POINT (40.3026372 -0.0485133);1000;1452114000000;1452459599999;payload;28
26;POINT (40.2255975 0.8510604);1000;1452200400000;1452459599999;payload;84
27;POINT (41.1147473 -0.7427843);1000;1452373200000;1452805199999;payload;74
28;POINT (41.2273969 1.7512476);1000;1452200400000;1452373199999;payload;60
29;POINT (40.6499731 -0.0420119);1000;1452200400000;1452373199999;payload;17
30;POINT (41.2323700 0.9967450);1000;1452114000000;1452545999999;payload;25
31;POINT (41.4569522 -0.5468916);1000;1452200400000;1452373199999;payload;60
32;POINT (41.3329894 -0.9580509);1000;1452200400000;1452545999999;payload;28
33;POINT (40.0187398 0.8721849);1000;1452459600000;1452632399999;payload;79
34;POINT (40.2639891 -0.1939802);1000;1452200400000;1452632399999;payload;10
35;POINT (41.0103032 1.1928256);1000;1452373200000;1452718799999;payload;78
36;POINT (40.8297031 1.6654099);1000;1452114000000;1452286799999;payload;33
37;POINT (40.3915121 -0.3226005);1000;1452373200000;1452718799999;payload;67
38;POINT (41.2161665 -0.1898896);1000;1452286800000;1452459599999;payload;66
39;POINT (40.8797371 0.2924070);1000;1452459600000;1452718799999;payload;39
40;POINT (41.3693470 -0.7418620);1000;1452114000000;1452459599999;payload;62
41;POINT (40.8521500 0.3740606);1000;1452459600000;1452545999999;payload;25
42;POINT (41.1395598 1.7925685);1000;1452200400000;1452373199999;payload;31
43;POINT (41.0720749 -0.9660878);1000;1452114000000;1452286799999;payload;6
44;POINT (41.3818463 1.5139881);1000;1452286800000;1452718799999;payload;37
45;POINT (40.3944737 -0.8355900);1000;1452027600000;1452286799999;payload;54
46;POINT (40.0074773 0.6501665);1000;1452114000000;1452545999999;payload;42
47;POINT (40.3608506 -0.0872195);1000;1452114000000;1452286799999;payload;72
48;POINT (41.3964195 -0.5843113);1000;1452200400000;1452632399999;payload;82
49;POINT (40.1312084 1.5136295);1000;1452114000000;1452373199999;payload;80
50;POINT (41.2650800 0.1755324);1000;1452286800000;1452632399999;payload;83
51;POINT (41.3698927 1.2753219);1000;1452459600000;1452891599999;payload;90
52;POINT (41.1523253 1.7606492);1000;1452373200000;1452632399999;payload;43
53;POINT (40.0562279 -0.6024057);1000;1452459600000;1452891599999;payload;20
54;POINT (41.0947523 1.5372140);1000;1452114000000;1452373199999;payload;8
55;POINT (41.0057303 0.4998606);1000;1452459600000;1452891599999;payload;49
56;POINT (41.4947184 0.6219377);1000;1452200400000;1452545999999;payload;61
57;POINT (41.1913863 1.1082328);1000;1452114000000;1452200399999;payload;51
58;POINT (41.3300927 -0.9054988);1000;1452114000000;1452545999999;payload;72
59;POINT (41.0157942 1.9818565);1000;1452373200000;1452545999999;payload;8
60;POINT (41.1319763 1.0791800);1000;1452114000000;1452545999999;payload;44
61;POINT (40.5273743 1.7886296);1000;1452373200000;1452805199999;payload;11
62;POINT (40.6004400 -0.0352541);1000;1452459600000;1452805199999;payload;100
63;POINT (41.0780673 1.0172540);1000;1452286800000;1452373199999;payload;49
64;POINT (40.2412679 0.9359906);1000;1452286800000;1452718799999;payload;35
65;POINT (41.2441703 1.4473897);1000;1452114000000;1452545999999;payload;31
66;POINT (40.1376592 1.2406502);1000;1452200400000;1452632399999;payload;25
67;POINT (41.0156316 1.6858047);1000;1452459600000;1452805199999;payload;24
68;POINT (40.1160144 0.5108674);1000;1452286800000;1452373199999;payload;59
69;POINT (40.9832066 1.6901863);1000;1452373200000;1452459599999;payload;85
70;POINT (40.3710438 0.5931337);1000;1452373200000;1452459599999;payload;65
71;POINT (40.2190765 -0.2235877);1000;1452459600000;1452805199999;payload;35
72;POINT (40.4033164 -0.8169750);1000;1452373200000;1452805199999;payload;89
73;POINT (40.8274246 1.0084377);1000;1452200400000;1452459599999;payload;74
74;POINT (41.3024244 0.3354024);1000;1452373200000;1452805199999;payload;41
75;POINT (40.5779307 -0.5788822);1000;1452373200000;1452805199999;payload;83
76;POINT (40.4325442 1.7931053);1000;1452373200000;1452805199999;payload;5
77;POINT (41.3177661 1.5151610);1000;1452459600000;1452632399999;payload;90
78;POINT (40.1128793 1.5633424);1000;1452286800000;1452718799999;payload;91
79;POINT (41.1892239 0.9891230);1000;1452373200000;1452805199999;payload;24
80;POINT (40.1667802 -0.2003011);1000;1452286800000;1452718799999;payload;61
81;POINT (41.3850271 -0.5232473);1000;1452200400000;1452373199999;payload;13
82;POINT (40.6424905 -0.0391908);1000;1452200400000;1452459599999;payload;30
83;POINT (40.0287498 0.9578886);1000;1452459600000;1452545999999;payload;77
84;POINT (40.2217728 1.5206181);1000;1452114000000;1452286799999;payload;53
85;POINT (40.7074871 1.3489099);1000;1452459600000;1452545999999;payload;87
86;POINT (40.7004915 0.9537739);1000;1452373200000;1452459599999;payload;33
87;POINT (41.2749051 1.2130980);1000;1452286800000;1452632399999;payload;3
88;POINT (41.2205642 -0.4024316);1000;1452459600000;1452891599999;payload;2
89;POINT (40.9949942 -0.2936829);1000;1452200400000;1452286799999;payload;88
90;POINT (40.5486767 1.6895656);1000;1452373200000;1452545999999;payload;30
91;POINT (40.0356375 0.2935446);1000;1452373200000;1452632399999;payload;9
92;POINT (41.2293384 0.8367723);1000;1452200400000;1452459599999;payload;48
93;POINT (41.2034811 1.1796829);1000;1452459600000;1452891599999;payload;72
94;POINT (40.6142092 -0.1972150);1000;1452373200000;1452632399999;payload;8
95;POINT (40.0934472 0.3532683);1000;1452114000000;1452286799999;payload;39
96;POINT (40.5821185 -0.7815544);1000;1452200400000;1452632399999;payload;32
97;POINT (40.4313539 1.1855947);1000;1452200400000;1452373199999;payload;48
98;POINT (41.3788870 -0.1950313);1000;1452286800000;1452545999999;payload;53
99;POINT (40.6851717 -0.8420710);1000;1452373200000;1452805199999;payload;19
100;POINT (40.0764905 0.0205715);1000;1452027600000;1452373199999;payload;72
101;POINT (41.4227722 1.1757604);1000;1452459600000;1452632399999;payload;58
102;POINT (41.0019037 0.5788901);1000;1452027600000;1452459599999;payload;5
103;POINT (41.1845239 0.0466541);1000;1452200400000;1452286799999;payload;15
104;POINT (40.2541764 1.4008469);1000;1452286800000;1452718799999;payload;34
105;POINT (40.0932551 1.9390650);1000;1452459600000;1452891599999;payload;29
106;POINT (41.3327883 1.4684992);1000;1452114000000;1452286799999;payload;29
107;POINT (41.1915435 0.9667547);1000;1452286800000;1452545999999;payload;76
108;POINT (41.0117217 0.0368416);1000;1452459600000;1452805199999;payload;40
109;POINT (40.5954413 1.8385949);1000;1452027600000;1452200399999;payload;55
110;POINT (41.3790527 1.0024714);1000;1452373200000;1452459599999;payload;22
111;POINT (40.1642014 1.0480543);1000;1452114000000;1452286799999;payload;41
112;POINT (40.0872321 1.0481584);1000;1452286800000;1452373199999;payload;92
113;POINT (40.8779358 -0.0149800);1000;1452027600000;1452286799999;payload;63
114;POINT (41.4627912 1.3554095);1000;1452027600000;1452200399999;payload;59
115;POINT (41.2640256 -0.2082069);1000;1452459600000;1452718799999;payload;11
116;POINT (40.0651826 0.4697788);1000;1452373200000;1452632399999;payload;16
117;POINT (41.0139746 -0.4158011);1000;1452114000000;1452286799999;payload;30
118;POINT (41.0313371 0.1893493);1000;1452114000000;1452200399999;payload;96
119;POINT (41.2514702 0.5454473);1000;1452373200000;1452718799999;payload;19
120;POINT (40.7729770 -0.6983331);1000;1452459600000;1452632399999;payload;23
121;POINT (40.0032709 0.4617676);1000;1452114000000;1452286799999;payload;38
122;POINT (40.8949588 0.6726063);1000;1452200400000;1452286799999;payload;12
123;POINT (40.5235804 -0.8030545);1000;1452459600000;1452891599999;payload;75
124;POINT (40.5367319 1.0751245);1000;1452286800000;1452545999999;payload;13
125;POINT (41.2063494 1.7315279);1000;1452286800000;1452632399999;payload;53
126;POINT (40.7043472 1.0449334);1000;1452373200000;1452545999999;payload;59
127;POINT (40.2944958 0.8580954);1000;1452200400000;1452373199999;payload;70
128;POINT (41.2000573 -0.9974419);1000;1452373200000;1452459599999;payload;17
129;POINT (40.9682228 -0.3902554);1000;1452027600000;1452113999999;payload;26
130;POINT (41.3836815 -0.7802335);1000;1452027600000;1452200399999;payload;99
131;POINT (40.2807005 0.9045958);1000;1452373200000;1452805199999;payload;88
132;POINT (40.2707336 -0.9522834);1000;1452459600000;1452805199999;payload;75
133;POINT (40.1305181 -0.6858670);1000;1452459600000;1452891599999;payload;42
134;POINT (41.2449282 1.7619747);1000;1452286800000;1452373199999;payload;39
135;POINT (41.1567155 -0.8388678);1000;1452459600000;1452632399999;payload;83
136;POINT (41.0082319 -0.3236655);1000;1452286800000;1452632399999;payload;83
137;POINT (40.2339206 1.9059833);1000;1452200400000;1452373199999;payload;31
138;POINT (40.8650808 0.6060645);1000;1452286800000;1452632399999;payload;30
139;POINT (41.0030849 1.8923747);1000;1452459600000;1452632399999;payload;53
140;POINT (40.3782066 -0.5334522);1000;1452286800000;1452545999999;payload;1
141;POINT (41.4121331 0.0933455);1000;1452114000000;1452200399999;payload;59
142;POINT (41.2966979 -0.1739566);1000;1452459600000;1452545999999;payload;12
143;POINT (41.1168534 0.8396611);1000;1452114000000;1452286799999;payload;39
144;POINT (40.7954000 1.0409124);1000;1452027600000;1452459599999;payload;88
145;POINT (40.5815794 0.9700256);1000;1452373200000;1452632399999;payload;27
146;POINT (40.1861671 -0.3075431);1000;1452114000000;1452459599999;payload;86
147;POINT (40.2243575 0.1830213);1000;1452286800000;1452373199999;payload;65
148;POINT (41.4737368 0.0492969);1000;1452027600000;1452200399999;payload;23
149;POINT (41.2185755 0.5294727);1000;1452286800000;1452459599999;payload;12
150;POINT (40.1423154 1.1025728);1000;1452373200000;1452805199999;payload;22
151;POINT (40.9996598 -0.0805127);1000;1452373200000;1452718799999;payload;66
152;POINT (41.2206019 -0.2989213);1000;1452027600000;1452200399999;payload;5
153;POINT (41.4089220 0.2565215);1000;1452286800000;1452545999999;payload;40
154;POINT (40.4939191 0.2111781);1000;1452200400000;1452545999999;payload;35
155;POINT (40.8750961 1.7974160);1000;1452373200000;1452545999999;payload;66
156;POINT (40.1479883 -0.4314453);1000;1452027600000;1452373199999;payload;2
157;POINT (40.5663811 -0.7342669);1000;1452114000000;1452373199999;payload;91
158;POINT (41.0913087 1.6178153);1000;1452027600000;1452459599999;payload;39
159;POINT (41.0496251 -0.2029208);1000;1452286800000;1452545999999;payload;56
160;POINT (40.3114021 0.3064500);1000;1452027600000;1452373199999;payload;21
161;POINT (41.2688555 1.6811038);1000;1452286800000;1452459599999;payload;12
162;POINT (40.4434168 0.2913588);1000;1452459600000;1452718799999;payload;93
163;POINT (40.0084658 0.8683821);1000;1452286800000;1452545999999;payload;24
164;POINT (40.8398294 -0.1240068);1000;1452200400000;1452632399999;payload;99
165;POINT (40.7888363 -0.6018492);1000;1452286800000;1452459599999;payload;7
166;POINT (41.4593788 0.4272680);1000;1452200400000;1452286799999;payload;89
167;POINT (41.2124249 1.9165101);1000;1452286800000;1452718799999;payload;100
168;POINT (40.5702775 -0.1345022);1000;1452459600000;1452891599999;payload;41
169;POINT (41.1428303 1.9026500);1000;1452459600000;1452805199999;payload;100
170;POINT (40.2971269 1.6841480);1000;1452373200000;1452718799999;payload;89
171;POINT (41.4453059 -0.1117402);1000;1452027600000;1452373199999;payload;93
172;POINT (40.2565003 1.9436834);1000;1452373200000;1452459599999;payload;91
173;POINT (40.0537111 0.8337101);1000;1452286800000;1452718799999;payload;72
174;POINT (40.6248724 -0.0914469);1000;1452286800000;1452373199999;payload;8
175;POINT (40.5549613 1.6089365);1000;1452373200000;1452805199999;payload;95
176;POINT (40.9394591 -0.5004417);1000;1452114000000;1452286799999;payload;17
177;POINT (41.2273704 1.6465973);1000;1452200400000;1452286799999;payload;60
178;POINT (41.1788886 1.4215909);1000;1452286800000;1452459599999;payload;10
179;POINT (40.2795651 0.4051777);1000;1452200400000;1452373199999;payload;13
180;POINT (41.2914027 0.6691001);1000;1452373200000;1452718799999;payload;70
181;POINT (40.9379967 1.4783763);1000;1452027600000;1452286799999;payload;31
182;POINT (40.6496943 -0.5236966);1000;1452459600000;1452632399999;payload;17
183;POINT (40.6300959 -0.1539833);1000;1452286800000;1452718799999;payload;38
184;POINT (40.5620435 1.1902291);1000;1452027600000;1452113999999;payload;37
185;POINT (41.0538003 -0.2353466);1000;1452200400000;1452459599999;payload;85
186;POINT (41.4609528 1.7306819);1000;1452286800000;1452718799999;payload;32
187;POINT (41.1109074 -0.7716522);1000;1452200400000;1452632399999;payload;6
188;POINT (40.7772093 0.3543840);1000;1452200400000;1452632399999;payload;16
189;POINT (40.1922954 -0.4584173);1000;1452027600000;1452459599999;payload;23
190;POINT (40.1075706 1.2869287);1000;1452200400000;1452459599999;payload;99
191;POINT (40.5008235 1.2484994);1000;1452459600000;1452545999999;payload;18
192;POINT (40.0683702 1.5629677);1000;1452200400000;1452286799999;payload;85
193;POINT (40.1836423 1.6408819);1000;1452114000000;1452459599999;payload;1
194;POINT (41.4803305 0.5034257);1000;1452286800000;1452545999999;payload;34
195;POINT (40.2280912 -0.0266049);1000;1452373200000;1452805199999;payload;43
196;POINT (40.6107690 -0.5362163);1000;1452200400000;1452373199999;payload;30
197;POINT (40.5380599 0.7787438);1000;1452286800000;1452459599999;payload;72
198;POINT (41.1853952 0.6420450);1000;1452200400000;1452459599999;payload;99
199;POINT (40.2446982 -0.4609175);1000;1452200400000;1452459599999;payload;91
200;POINT (40.6793350 -0.4182371);1000;1452200400000;1452373199999;payload;3
201;POINT (41.2666829 0.1976774);1000;1452027600000;1452459599999;payload;87
202;POINT (40.1107980 0.0176951);1000;1452200400000;1452373199999;payload;59
203;POINT (40.8326597 -0.2429118);1000;1452373200000;1452545999999;payload;89
204;POINT (40.9088043 1.1479147);1000;1452114000000;1452373199999;payload;52
205;POINT (40.7182158 1.9923811);1000;1452114000000;1452200399999;payload;32
206;POINT (41.2144694 -0.2524426);1000;1452114000000;1452545999999;payload;56
207;POINT (41.1745155 1.7987591);1000;1452200400000;1452373199999;payload;75
208;POINT (40.8294086 -0.3748779);1000;1452459600000;1452891599999;payload;39
209;POINT (40.1979934 1.4517981);1000;1452373200000;1452718799999;payload;31
210;POINT (40.3947929 1.0267056);1000;1452027600000;1452373199999;payload;20
211;POINT (41.3266319 1.7155386);1000;1452459600000;1452805199999;payload;91
212;POINT (40.0207335 0.2455892);1000;1452459600000;1452632399999;payload;2
213;POINT (40.6432037 1.6846353);1000;1452373200000;1452632399999;payload;3
214;POINT (40.0879832 0.3275710);1000;1452027600000;1452373199999;payload;58
215;POINT (40.6612997 -0.1183674);1000;1452027600000;1452286799999;payload;74
216;POINT (40.7323942 1.4863245);1000;1452373200000;1452545999999;payload;88
217;POINT (40.7548936 1.4278407);1000;1452286800000;1452718799999;payload;92
218;POINT (41.0774766 0.3999352);1000;1452373200000;1452632399999;payload;78
219;POINT (40.8446408 0.6510000);1000;1452373200000;1452805199999;payload;67
220;POINT (40.4787337 -0.7127051);1000;1452114000000;1452200399999;payload;38
221;POINT (40.6054232 -0.4951749);1000;1452027600000;1452113999999;payload;5
222;POINT (40.8984758 0.1909593);1000;1452027600000;1452200399999;payload;88
223;POINT (40.6951789 -0.5392078);1000;1452027600000;1452373199999;payload;41
224;POINT (41.2968773 0.7348799);1000;1452027600000;1452459599999;payload;96
225;POINT (40.2601079 1.3715774);1000;1452200400000;1452373199999;payload;47
226;POINT (40.4170094 -0.4052763);1000;1452200400000;1452459599999;payload;78
227;POINT (40.5646218 0.1415124);1000;1452200400000;1452459599999;payload;21
228;POINT (40.5507048 1.2980028);1000;1452200400000;1452545999999;payload;92
229;POINT (40.8257779 1.2538752);1000;1452114000000;1452545999999;payload;18
230;POINT (40.6127749 0.7651998);1000;1452373200000;1452718799999;payload;92
231;POINT (40.5513641 1.5747899);1000;1452114000000;1452286799999;payload;27
232;POINT (41.4754251 -0.8308420);1000;1452286800000;1452718799999;payload;19
233;POINT (41.0713979 -0.9266041);1000;1452286800000;1452718799999;payload;69
234;POINT (41.4612789 -0.2610107);1000;1452286800000;1452632399999;payload;78
235;POINT (41.1874140 0.0429508);1000;1452286800000;1452373199999;payload;12
236;POINT (41.0750149 1.9316060);1000;1452114000000;1452545999999;payload;18
237;POINT (41.3571883 0.1936806);1000;1452459600000;1452718799999;payload;79
238;POINT (40.1069530 0.8801225);1000;1452373200000;1452805199999;payload;15
239;POINT (41.0912829 0.1273480);1000;1452027600000;1452200399999;payload;15
240;POINT (40.9024758 -0.4375465);1000;1452200400000;1452459599999;payload;18
241;POINT (40.7108304 -0.0252391);1000;1452114000000;1452373199999;payload;2
242;POINT (40.3843767 0.1954504);1000;1452027600000;1452373199999;payload;16
243;POINT (41.2705618 -0.5958549);1000;1452114000000;1452373199999;payload;88
244;POINT (40.9126467 -0.4119960);1000;1452200400000;1452632399999;payload;71
245;POINT (40.6350628 0.2453792);1000;1452373200000;1452459599999;payload;89
246;POINT (41.4020292 0.2268835);1000;1452114000000;1452286799999;payload;6
247;POINT (41.1341337 -0.1430370);1000;1452286800000;1452545999999;payload;42
248;POINT (40.0594164 0.0584369);1000;1452459600000;1452545999999;payload;47
249;POINT (40.6548052 0.6411588);1000;1452027600000;1452286799999;payload;57
250;POINT (40.1580153 0.2246208);1000;1452459600000;1452805199999;payload;4
251;POINT (40.4863041 1.7559618);1000;1452200400000;1452545999999;payload;71
252;POINT (40.2469613 0.2012876);1000;1452027600000;1452459599999;payload;83
253;POINT (40.8406716 0.3305866);1000;1452459600000;1452805199999;payload;47
254;POINT (40.1735959 1.0127731);1000;1452373200000;1452459599999;payload;37
255;POINT (41.4673112 1.7543211);1000;1452373200000;1452805199999;payload;4
256;POINT (40.1735559 -0.3257591);1000;1452459600000;1452632399999;payload;94
257;POINT (41.2251641 1.7593914);1000;1452114000000;1452286799999;payload;4
258;POINT (40.3812630 -0.0827760);1000;1452373200000;1452632399999;payload;88
259;POINT (40.7329846 0.6258521);1000;1452373200000;1452632399999;payload;90
260;POINT (40.3163374 -0.6729844);1000;1452459600000;1452718799999;payload;5
261;POINT (40.4010862 0.4367481);1000;1452200400000;1452632399999;payload;56
262;POINT (40.3679012 0.5924078);1000;1452027600000;1452286799999;payload;43
263;POINT (40.9459354 1.7852205);1000;1452200400000;1452373199999;payload;23
264;POINT (41.4151431 1.4919442);1000;1452373200000;1452805199999;payload;61
265;POINT (41.1414225 1.4868588);1000;1452286800000;1452718799999;payload;88
266;POINT (40.2203868 -0.0933530);1000;1452027600000;1452373199999;payload;86
267;POINT (41.3606537 0.3226990);1000;1452459600000;1452632399999;payload;18
268;POINT (41.3298549 0.2678364);1000;1452459600000;1452545999999;payload;92
269;POINT (40.4814570 0.6302981);1000;1452459600000;1452805199999;payload;7
270;POINT (40.0743097 0.7863928);1000;1452373200000;1452718799999;payload;26
271;POINT (41.3353304 1.7807872);1000;1452459600000;1452805199999;payload;6
272;POINT (40.8663008 1.9345704);1000;1452114000000;1452373199999;payload;73
273;POINT (40.5430610 -0.4606301);1000;1452459600000;1452891599999;payload;7
274;POINT (41.0980837 1.4027902);1000;1452459600000;1452632399999;payload;49
275;POINT (40.7353175 -0.0315363);1000;1452114000000;1452545999999;payload;93
276;POINT (40.1965584 -0.6429570);1000;1452200400000;1452459599999;payload;100
277;POINT (41.3898108 -0.0977088);1000;1452286800000;1452459599999;payload;38
278;POINT (41.0574368 1.8246743);1000;1452200400000;1452459599999;payload;83
279;POINT (40.4538321 1.7736038);1000;1452114000000;1452200399999;payload;98
280;POINT (40.5072819 0.3348615);1000;1452200400000;1452545999999;payload;96
281;POINT (40.5911731 -0.9743768);1000;1452114000000;1452200399999;payload;6
282;POINT (40.1167937 0.2599627);1000;1452027600000;1452113999999;payload;24
283;POINT (40.7160189 0.5801760);1000;1452114000000;1452373199999;payload;6
284;POINT (41.4609064 -0.7317437);1000;1452114000000;1452286799999;payload;73
285;POINT (41.3208725 -0.4623194);1000;1452459600000;1452545999999;payload;34
286;POINT (40.6181024 -0.3026893);1000;1452114000000;1452459599999;payload;9
287;POINT (40.7638855 0.1028413);1000;1452027600000;1452459599999;payload;45
288;POINT (41.3923431 1.7562100);1000;1452027600000;1452200399999;payload;12
289;POINT (40.2898041 1.9996354);1000;1452027600000;1452286799999;payload;48
290;POINT (40.8630599 -0.2907113);1000;1452114000000;1452286799999;payload;68
291;POINT (41.1063365 1.5765467);1000;1452459600000;1452632399999;payload;60
292;POINT (40.2388577 1.4583098);1000;1452200400000;1452373199999;payload;72
293;POINT (41.1781397 1.1631830);1000;1452114000000;1452545999999;payload;82
294;POINT (40.2528407 1.3520143);1000;1452286800000;1452718799999;payload;29
295;POINT (40.4214604 0.4819148);1000;1452459600000;1452718799999;payload;76
296;POINT (41.0020800 1.7240872);1000;1452459600000;1452891599999;payload;11
297;POINT (41.2115732 -0.7404099);1000;1452286800000;1452632399999;payload;69
298;POINT (40.9048512 0.7792584);1000;1452459600000;1452632399999;payload;77
299;POINT (40.4781814 1.0951922);1000;1452373200000;1452805199999;payload;84
300;POINT (40.1325496 -0.4267801);1000;1452200400000;1452373199999;payload;80
301;POINT (41.2737276 0.5176932);1000;1452373200000;1452459599999;payload;100
302;POINT (41.1859929 0.0657620);1000;1452459600000;1452545999999;payload;97
303;POINT (40.1941209 -0.6977648);1000;1452286800000;1452373199999;payload;32
304;POINT (40.8352417 1.8683378);1000;1452459600000;1452805199999;payload;47
305;POINT (40.1092579 1.2358194);1000;1452373200000;1452632399999;payload;3
306;POINT (41.2533677 1.9017649);1000;1452027600000;1452113999999;payload;66
307;POINT (40.5055163 -0.6266804);1000;1452286800000;1452545999999;payload;46
308;POINT (40.7207560 -0.5155350);1000;1452027600000;1452113999999;payload;20
309;POINT (40.9006676 0.4511554);1000;1452200400000;1452545999999;payload;94
310;POINT (41.3047054 1.4004251);1000;1452459600000;1452718799999;payload;66
311;POINT (41.3156924 -0.0680772);1000;1452373200000;1452632399999;payload;28
312;POINT (41.3160385 1.9850542);1000;1452373200000;1452718799999;payload;14
313;POINT (41.2222041 1.5444593);1000;1452459600000;1452718799999;payload;5
314;POINT (40.1355062 0.8747429);1000;1452114000000;1452286799999;payload;28
315;POINT (40.6174785 -0.4749523);1000;1452459600000;1452891599999;payload;27
316;POINT (40.2980680 -0.5238097);1000;1452027600000;1452200399999;payload;35
317;POINT (40.4621437 0.3493147);1000;1452114000000;1452286799999;payload;26
318;POINT (40.7261629 1.8842971);1000;1452200400000;1452459599999;payload;13
319;POINT (40.4591601 -0.8778786);1000;1452114000000;1452545999999;payload;19
320;POINT (41.4232091 1.6795784);1000;1452114000000;1452545999999;payload;97
321;POINT (41.3145872 0.0703413);1000;1452286800000;1452718799999;payload;87
322;POINT (40.8581698 1.4781756);1000;1452200400000;1452459599999;payload;24
323;POINT (41.3769351 -0.2147380);1000;1452459600000;1452545999999;payload;15
324;POINT (40.6111912 -0.6917666);1000;1452373200000;1452718799999;payload;1
325;POINT (40.6746367 -0.3805459);1000;1452459600000;1452545999999;payload;23
326;POINT (40.3319036 1.3447619);1000;1452200400000;1452373199999;payload;69
327;POINT (41.1941203 -0.5806300);1000;1452459600000;1452891599999;payload;99
328;POINT (40.9414856 -0.5868389);1000;1452200400000;1452286799999;payload;49
329;POINT (41.3595007 0.8234886);1000;1452027600000;1452200399999;payload;25
330;POINT (41.3809147 -0.6514275);1000;1452200400000;1452373199999;payload;4
331;POINT (40.6268282 1.1846592);1000;1452286800000;1452459599999;payload;58
332;POINT (40.2226982 1.0931088);1000;1452459600000;1452891599999;payload;14
333;POINT (41.0869464 -0.2586364);1000;1452373200000;1452459599999;payload;55
334;POINT (40.6070926 1.1110097);1000;1452373200000;1452805199999;payload;86
335;POINT (40.1610318 1.7444696);1000;1452459600000;1452891599999;payload;94
336;POINT (40.2202340 -0.2575349);1000;1452200400000;1452632399999;payload;79
337;POINT (40.0754354 0.6264853);1000;1452459600000;1452718799999;payload;67
338;POINT (40.1682032 1.6155464);1000;1452200400000;1452545999999;payload;54
339;POINT (40.6246148 1.9351178);1000;1452286800000;1452459599999;payload;12
340;POINT (40.3073286 -0.8702880);1000;1452286800000;1452459599999;payload;44
341;POINT (40.1484357 0.4915750);1000;1452114000000;1452459599999;payload;69
342;POINT (40.2139400 0.4319081);1000;1452286800000;1452459599999;payload;77
343;POINT (41.0412877 -0.7401171);1000;1452286800000;1452545999999;payload;13
344;POINT (40.8558052 0.6831707);1000;1452459600000;1452545999999;payload;84
345;POINT (40.6635411 0.8842254);1000;1452114000000;1452459599999;payload;33
346;POINT (40.2825613 -0.0179506);1000;1452373200000;1452632399999;payload;23
347;POINT (41.2975985 0.4811458);1000;1452114000000;1452373199999;payload;67
348;POINT (41.3101415 1.2507119);1000;1452027600000;1452459599999;payload;30
349;POINT (41.3721182 1.0981347);1000;1452200400000;1452286799999;payload;41
350;POINT (40.9749372 1.3275204);1000;1452286800000;1452459599999;payload;50
351;POINT (41.3279307 0.8199430);1000;1452200400000;1452545999999;payload;28
352;POINT (41.0418399 0.0736046);1000;1452459600000;1452718799999;payload;92
353;POINT (41.2868270 0.3008017);1000;1452200400000;1452632399999;payload;35
354;POINT (41.3398430 1.3411810);1000;1452200400000;1452373199999;payload;23
355;POINT (40.9543734 0.7552488);1000;1452200400000;1452459599999;payload;65
356;POINT (40.0652422 0.5509283);1000;1452200400000;1452459599999;payload;17
357;POINT (41.4937556 -0.1676238);1000;1452027600000;1452113999999;payload;7
358;POINT (41.4915350 1.8268633);1000;1452114000000;1452373199999;payload;63
359;POINT (40.7282748 -0.1349474);1000;1452027600000;1452286799999;payload;10
360;POINT (41.0422617 -0.8740379);1000;1452286800000;1452459599999;payload;80
361;POINT (40.9981400 -0.1555255);1000;1452027600000;1452286799999;payload;19
362;POINT (40.0977045 -0.6818887);1000;1452459600000;1452632399999;payload;99
363;POINT (40.8544057 -0.3926306);1000;1452200400000;1452632399999;payload;95
364;POINT (41.1507356 0.5496769);1000;1452200400000;1452286799999;payload;56
365;POINT (40.7191077 0.9673848);1000;1452459600000;1452805199999;payload;65
366;POINT (40.1889298 1.5830261);1000;1452114000000;1452200399999;payload;65
367;POINT (40.2439362 0.7571893);1000;1452459600000;1452632399999;payload;6
368;POINT (40.6874814 0.6318625);1000;1452459600000;1452805199999;payload;27
369;POINT (41.0817097 1.7143467);1000;1452027600000;1452459599999;payload;90
370;POINT (40.2233657 -0.0654445);1000;1452373200000;1452459599999;payload;49
371;POINT (40.2014301 1.3552886);1000;1452459600000;1452545999999;payload;39
372;POINT (40.6943500 0.7191473);1000;1452027600000;1452286799999;payload;54
373;POINT (40.7178132 1.1508024);1000;1452373200000;1452632399999;payload;45
374;POINT (40.1244347 -0.9491474);1000;1452373200000;1452632399999;payload;85
375;POINT (40.5617724 1.2754115);1000;1452200400000;1452373199999;payload;60
376;POINT (40.6469643 -0.2653823);1000;1452373200000;1452805199999;payload;32
377;POINT (40.8714190 1.6392073);1000;1452286800000;1452718799999;payload;29
378;POINT (40.1849861 -0.1787970);1000;1452027600000;1452459599999;payload;58
379;POINT (40.4409843 0.2513220);1000;1452114000000;1452545999999;payload;94
380;POINT (40.4555122 -0.4431558);1000;1452114000000;1452200399999;payload;1
381;POINT (40.6904919 -0.4368012);1000;1452459600000;1452632399999;payload;17
382;POINT (41.1735724 0.3655368);1000;1452459600000;1452805199999;payload;37
383;POINT (40.9254770 -0.4814585);1000;1452114000000;1452459599999;payload;28
384;POINT (40.8425828 1.5000371);1000;1452286800000;1452545999999;payload;45
385;POINT (40.4593688 -0.4898050);1000;1452373200000;1452632399999;payload;52
386;POINT (40.7754384 1.5700203);1000;1452286800000;1452545999999;payload;6
387;POINT (40.0317739 1.9232220);1000;1452286800000;1452545999999;payload;90
388;POINT (41.0506771 1.3672355);1000;1452286800000;1452632399999;payload;67
389;POINT (40.4368415 1.0658058);1000;1452027600000;1452113999999;payload;64
390;POINT (40.4387270 -0.1089157);1000;1452373200000;1452459599999;payload;94
391;POINT (40.8891328 0.9403840);1000;1452286800000;1452632399999;payload;33
392;POINT (40.8127223 -0.7941506);1000;1452459600000;1452718799999;payload;80
393;POINT (41.3285401 0.7450799);1000;1452200400000;1452286799999;payload;69
394;POINT (41.2456037 -0.2031945);1000;1452200400000;1452286799999;payload;83
395;POINT (41.1185017 -0.3695173);1000;1452114000000;1452373199999;payload;19
396;POINT (40.4323353 -0.5817355);1000;1452373200000;1452718799999;payload;97
397;POINT (40.1944351 -0.0337434);1000;1452459600000;1452632399999;payload;52
398;POINT (41.0694402 -0.5826961);1000;1452459600000;1452632399999;payload;92
399;POINT (41.1928894 0.6171760);1000;1452373200000;1452459599999;payload;4
400;POINT (41.1496571 0.8453221);1000;1452114000000;1452545999999;payload;28
401;POINT (40.1904728 1.5686097);1000;1452286800000;1452632399999;payload;89
402;POINT (40.2678225 -0.5516270);1000;1452027600000;1452286799999;payload;7
403;POINT (41.0051690 -0.9547068);1000;1452459600000;1452805199999;payload;39
404;POINT (40.8457678 0.6744840);1000;1452459600000;1452545999999;payload;55
405;POINT (41.4571250 0.0906862);1000;1452027600000;1452200399999;payload;82
406;POINT (41.3298344 0.8555661);1000;1452027600000;1452113999999;payload;12
407;POINT (41.4401360 -0.0201191);1000;1452286800000;1452373199999;payload;96
408;POINT (41.2714763 1.0453126);1000;1452373200000;1452545999999;payload;74
409;POINT (40.4860422 -0.1059093);1000;1452200400000;1452632399999;payload;46
410;POINT (40.1811442 -0.8739195);1000;1452459600000;1452718799999;payload;63
411;POINT (40.3145174 1.3815953);1000;1452286800000;1452718799999;payload;95
412;POINT (40.1301893 0.7463744);1000;1452200400000;1452459599999;payload;65
413;POINT (40.3880300 1.6823933);1000;1452114000000;1452459599999;payload;27
414;POINT (40.1763104 -0.8201103);1000;1452373200000;1452805199999;payload;25
415;POINT (40.9928591 0.9737408);1000;1452459600000;1452632399999;payload;47
416;POINT (40.4826307 1.5804244);1000;1452459600000;1452545999999;payload;72
417;POINT (41.3036071 1.3638748);1000;1452459600000;1452718799999;payload;40
418;POINT (40.4613883 1.7493928);1000;1452373200000;1452545999999;payload;63
419;POINT (40.1745029 -0.4078797);1000;1452027600000;1452200399999;payload;50
420;POINT (41.4541123 1.9389283);1000;1452200400000;1452632399999;payload;41
421;POINT (40.0038434 0.0287392);1000;1452114000000;1452200399999;payload;26
422;POINT (40.2785788 -0.3458195);1000;1452027600000;1452459599999;payload;58
423;POINT (41.4380368 0.1526136);1000;1452459600000;1452805199999;payload;69
424;POINT (41.2321726 -0.9700599);1000;1452027600000;1452373199999;payload;92
425;POINT (40.2608401 -0.3617770);1000;1452373200000;1452545999999;payload;27
426;POINT (40.1893816 1.4172295);1000;1452459600000;1452805199999;payload;12
427;POINT (40.1494589 0.5348713);1000;1452373200000;1452459599999;payload;96
428;POINT (40.9509003 0.0056830);1000;1452200400000;1452459599999;payload;30
429;POINT (40.1823474 0.9309871);1000;1452373200000;1452459599999;payload;81
430;POINT (40.5562173 -0.0021900);1000;1452459600000;1452805199999;payload;34
431;POINT (41.4656842 0.3800043);1000;1452286800000;1452459599999;payload;46
432;POINT (41.4898918 -0.1960910);1000;1452459600000;1452632399999;payload;15
433;POINT (40.6294347 -0.8234058);1000;1452027600000;1452286799999;payload;14
434;POINT (40.9341711 1.8531772);1000;1452114000000;1452286799999;payload;2
435;POINT (40.7706865 1.7807798);1000;1452459600000;1452545999999;payload;54
436;POINT (40.4716504 -0.9871856);1000;1452200400000;1452459599999;payload;17
437;POINT (40.0328081 1.8811140);1000;1452373200000;1452718799999;payload;12
438;POINT (40.1739399 1.4289964);1000;1452114000000;1452373199999;payload;24
439;POINT (40.5524671 1.1428093);1000;1452286800000;1452459599999;payload;46
440;POINT (40.9482932 0.2396035);1000;1452459600000;1452632399999;payload;35
441;POINT (41.4013008 1.5278203);1000;1452114000000;1452200399999;payload;77
442;POINT (40.8240210 1.2339827);1000;1452200400000;1452286799999;payload;79
443;POINT (40.1516968 -0.5080384);1000;1452200400000;1452373199999;payload;97
444;POINT (41.4481141 -0.1609104);1000;1452114000000;1452373199999;payload;21
445;POINT (41.0133578 1.2289153);1000;1452286800000;1452459599999;payload;9
446;POINT (40.8331403 -0.1976018);1000;1452459600000;1452545999999;payload;65
447;POINT (40.0509859 0.0221864);1000;1452200400000;1452459599999;payload;90
448;POINT (40.4914883 1.8002371);1000;1452286800000;1452718799999;payload;28
449;POINT (41.3815104 0.9539153);1000;1452027600000;1452459599999;payload;38
450;POINT (41.1884043 1.8458177);1000;1452373200000;1452718799999;payload;32
451;POINT (40.7965010 -0.6749788);1000;1452286800000;1452718799999;payload;42
452;POINT (40.8381092 1.1565627);1000;1452200400000;1452632399999;payload;94
453;POINT (40.3804225 -0.3796251);1000;1452459600000;1452718799999;payload;58
454;POINT (40.9353654 -0.5048123);1000;1452200400000;1452286799999;payload;25
455;POINT (41.2173969 -0.8473794);1000;1452027600000;1452200399999;payload;58
456;POINT (41.0486067 1.2762518);1000;1452373200000;1452805199999;payload;92
457;POINT (41.4262481 1.5807467);1000;1452200400000;1452459599999;payload;90
458;POINT (40.7433220 1.4288534);1000;1452286800000;1452545999999;payload;44
459;POINT (40.5264708 1.0369980);1000;1452459600000;1452891599999;payload;39
460;POINT (40.3677853 0.0893762);1000;1452114000000;1452200399999;payload;31
461;POINT (41.1929540 -0.0808315);1000;1452286800000;1452632399999;payload;66
462;POINT (40.4411992 -0.4105730);1000;1452027600000;1452113999999;payload;41
463;POINT (41.0675908 -0.8120446);1000;1452459600000;1452891599999;payload;43
464;POINT (41.0212285 -0.0724324);1000;1452114000000;1452373199999;payload;53
465;POINT (40.0830055 0.6281346);1000;1452027600000;1452459599999;payload;49
466;POINT (41.3910207 -0.6534763);1000;1452027600000;1452200399999;payload;88
467;POINT (40.7342771 -0.6763132);1000;1452373200000;1452632399999;payload;92
468;POINT (40.4989428 0.8647285);1000;1452459600000;1452891599999;payload;91
469;POINT (40.8395870 -0.3879929);1000;1452373200000;1452632399999;payload;40
470;POINT (40.2751567 1.2492082);1000;1452373200000;1452632399999;payload;90
471;POINT (40.5576544 1.0683786);1000;1452286800000;1452545999999;payload;59
472;POINT (41.3435391 1.8987391);1000;1452373200000;1452459599999;payload;15
473;POINT (41.2237139 1.3081792);1000;1452200400000;1452286799999;payload;59
474;POINT (41.4209984 -0.9538525);1000;1452373200000;1452805199999;payload;42
475;POINT (40.0003648 0.8272275);1000;1452286800000;1452718799999;payload;94
476;POINT (40.5732079 -0.3962537);1000;1452373200000;1452718799999;payload;35
477;POINT (41.2903679 0.7012677);1000;1452373200000;1452459599999;payload;24
478;POINT (41.1377748 1.1882537);1000;1452373200000;1452632399999;payload;1
479;POINT (41.0195981 1.2832245);1000;1452459600000;1452805199999;payload;69
480;POINT (40.6976339 -0.3581916);1000;1452114000000;1452373199999;payload;19
481;POINT (41.2918045 1.4646846);1000;1452027600000;1452286799999;payload;93
482;POINT (40.2232586 0.1435782);1000;1452200400000;1452545999999;payload;25
483;POINT (41.4506475 -0.3016779);1000;1452286800000;1452373199999;payload;61
484;POINT (41.1174655 0.6596840);1000;1452373200000;1452459599999;payload;69
485;POINT (41.1434472 -0.0510622);1000;1452286800000;1452459599999;payload;8
486;POINT (41.1375741 1.5330571);1000;1452114000000;1452286799999;payload;70
487;POINT (41.1869282 -0.0498146);1000;1452027600000;1452373199999;payload;22
488;POINT (40.8738421 -0.6868750);1000;1452027600000;1452113999999;payload;29
489;POINT (41.1701243 1.6629041);1000;1452027600000;1452373199999;payload;8
490;POINT (40.3382288 0.9882136);1000;1452027600000;1452113999999;payload;73
491;POINT (41.2710652 1.7450914);1000;1452286800000;1452632399999;payload;54
492;POINT (41.4336753 -0.3645548);1000;1452027600000;1452373199999;payload;32
493;POINT (41.1857510 1.0786170);1000;1452373200000;1452545999999;payload;91
494;POINT (40.0227972 0.1709730);1000;1452200400000;1452632399999;payload;44
495;POINT (40.9153133 0.3211925);1000;1452200400000;1452373199999;payload;89
496;POINT (40.5125758 1.3363711);1000;1452459600000;1452891599999;payload;81
497;POINT (40.3701230 -0.1109803);1000;1452114000000;1452373199999;payload;73
498;POINT (41.4745052 -0.6527051);1000;1452459600000;1452545999999;payload;36
499;POINT (40.4380545 0.3991256);1000;1452027600000;1452459599999;payload;60
500;POINT (40.9363029 -0.4311698);1000;1452027600000;1452373199999;payload;99
501;POINT (41.3878664 1.6075034);1000;1452286800000;1452718799999;payload;32
502;POINT (40.3710188 -0.0786398);1000;1452373200000;1452632399999;payload;46
503;POINT (41.3810593 0.6502091);1000;1452286800000;1452718799999;payload;42
504;POINT (41.3064990 1.8381013);1000;1452027600000;1452373199999;payload;66
505;POINT (40.9681198 -0.2603738);1000;1452200400000;1452286799999;payload;23
506;POINT (41.1776393 -0.3744041);1000;1452200400000;1452545999999;payload;50
507;POINT (40.1418160 0.1229237);1000;1452114000000;1452545999999;payload;41
508;POINT (41.0198980 0.1857438);1000;1452459600000;1452805199999;payload;52
509;POINT (40.7759585 -0.2659151);1000;1452286800000;1452459599999;payload;10
510;POINT (40.8049346 1.4512765);1000;1452114000000;1452373199999;payload;68
511;POINT (41.3322029 -0.3342326);1000;1452459600000;1452718799999;payload;88
512;POINT (41.2873619 -0.0602270);1000;1452200400000;1452459599999;payload;17
513;POINT (40.0506541 0.4653134);1000;1452286800000;1452373199999;payload;40
514;POINT (40.9397588 -0.5443300);1000;1452459600000;1452805199999;payload;29
515;POINT (40.3722557 1.1503037);1000;1452459600000;1452718799999;payload;87
516;POINT (40.5306944 -0.2357350);1000;1452459600000;1452718799999;payload;58
517;POINT (41.3535352 1.7854156);1000;1452286800000;1452459599999;payload;35
518;POINT (40.2448538 -0.3003751);1000;1452200400000;1452632399999;payload;69
519;POINT (41.0397510 1.5594491);1000;1452459600000;1452805199999;payload;80
520;POINT (41.4636715 0.7531417);1000;1452114000000;1452459599999;payload;86
521;POINT (40.2119560 1.0090393);1000;1452459600000;1452718799999;payload;18
522;POINT (41.1738242 -0.2384828);1000;1452114000000;1452373199999;payload;55
523;POINT (41.0113488 1.4530245);1000;1452373200000;1452805199999;payload;72
524;POINT (41.3315031 1.5827715);1000;1452200400000;1452286799999;payload;48
525;POINT (41.1694237 -0.0179390);1000;1452459600000;1452805199999;payload;66
526;POINT (41.0956594 0.8185815);1000;1452200400000;1452632399999;payload;90
527;POINT (41.0123840 -0.9081576);1000;1452027600000;1452459599999;payload;12
528;POINT (41.3396144 -0.7623428);1000;1452200400000;1452373199999;payload;87
529;POINT (40.2376837 0.9272628);1000;1452200400000;1452545999999;payload;25
530;POINT (40.7415048 1.4328004);1000;1452286800000;1452632399999;payload;89
531;POINT (41.0274703 0.6946833);1000;1452114000000;1452459599999;payload;24
532;POINT (40.4948748 -0.5541495);1000;1452459600000;1452632399999;payload;74
533;POINT (41.0008534 -0.3720643);1000;1452459600000;1452718799999;payload;15
534;POINT (41.2137204 -0.0285001);1000;1452373200000;1452459599999;payload;54
535;POINT (40.6658372 -0.5579447);1000;1452027600000;1452200399999;payload;7
536;POINT (41.4144752 0.6505322);1000;1452459600000;1452632399999;payload;79
537;POINT (40.6130189 -0.9479309);1000;1452200400000;1452632399999;payload;38
538;POINT (40.7363708 1.3240862);1000;1452286800000;1452632399999;payload;5
539;POINT (40.8675326 1.8309393);1000;1452200400000;1452632399999;payload;56
540;POINT (40.3137165 1.9907451);1000;1452200400000;1452459599999;payload;79
541;POINT (40.4669519 -0.2691971);1000;1452114000000;1452373199999;payload;16
542;POINT (40.5284914 1.4147579);1000;1452114000000;1452373199999;payload;79
543;POINT (41.2591532 1.9771682);1000;1452114000000;1452200399999;payload;27
544;POINT (40.7338493 -0.4742191);1000;1452027600000;1452286799999;payload;72
545;POINT (40.0919867 0.6181181);1000;1452286800000;1452545999999;payload;12
546;POINT (40.7425978 0.4381815);1000;1452286800000;1452545999999;payload;91
547;POINT (40.2956863 1.9047140);1000;1452114000000;1452200399999;payload;89
548;POINT (40.2435496 -0.8532273);1000;1452114000000;1452286799999;payload;6
549;POINT (40.2376057 1.6967616);1000;1452027600000;1452113999999;payload;10
550;POINT (41.4437697 0.0768264);1000;1452373200000;1452718799999;payload;40
551;POINT (41.3478917 1.0932589);1000;1452200400000;1452632399999;payload;78
552;POINT (41.1742676 -0.9020039);1000;1452027600000;1452459599999;payload;14
553;POINT (40.2461164 1.6844546);1000;1452200400000;1452632399999;payload;17
554;POINT (40.6974982 1.7645194);1000;1452373200000;1452805199999;payload;39
555;POINT (40.6262617 1.7690648);1000;1452373200000;1452632399999;payload;46
556;POINT (41.2570597 1.2764530);1000;1452114000000;1452545999999;payload;45
557;POINT (41.1674842 -0.0958301);1000;1452459600000;1452718799999;payload;94
558;POINT (40.1564663 -0.3064582);1000;1452114000000;1452286799999;payload;12
559;POINT (40.3296444 1.3159707);1000;1452459600000;1452805199999;payload;50
560;POINT (40.5253991 1.0604377);1000;1452200400000;1452459599999;payload;34
561;POINT (40.7056317 1.4255416);1000;1452114000000;1452373199999;payload;14
562;POINT (40.6158792 0.5575130);1000;1452027600000;1452113999999;payload;33
563;POINT (40.4510731 -0.3503724);1000;1452373200000;1452718799999;payload;20
564;POINT (40.7898259 0.1517989);1000;1452114000000;1452200399999;payload;94
565;POINT (41.0032874 1.9046825);1000;1452459600000;1452891599999;payload;58
566;POINT (41.0954956 0.7782130);1000;1452459600000;1452718799999;payload;31
567;POINT (40.4352599 -0.4647379);1000;1452200400000;1452632399999;payload;8
568;POINT (40.3735861 1.3352961);1000;1452373200000;1452545999999;payload;20
569;POINT (41.0038819 0.0310879);1000;1452200400000;1452373199999;payload;37
570;POINT (40.4787497 0.3106934);1000;1452200400000;1452459599999;payload;18
571;POINT (41.1070209 0.8771547);1000;1452459600000;1452805199999;payload;22
572;POINT (40.1413580 0.8163485);1000;1452200400000;1452286799999;payload;30
573;POINT (40.0443775 0.2720729);1000;1452114000000;1452286799999;payload;14
574;POINT (40.4911746 1.3214345);1000;1452373200000;1452459599999;payload;79
575;POINT (40.2400616 -0.3077247);1000;1452286800000;1452545999999;payload;49
576;POINT (41.0830363 1.3738002);1000;1452114000000;1452459599999;payload;21
577;POINT (41.0223466 1.9758040);1000;1452459600000;1452545999999;payload;16
578;POINT (41.4773304 0.6539620);1000;1452459600000;1452545999999;payload;58
579;POINT (40.2413908 1.6130684);1000;1452027600000;1452286799999;payload;5
580;POINT (41.1097731 1.1703586);1000;1452200400000;1452459599999;payload;63
581;POINT (40.8283999 1.9840186);1000;1452200400000;1452545999999;payload;46
582;POINT (41.2753954 -0.7769204);1000;1452459600000;1452891599999;payload;63
583;POINT (40.9542279 1.2085310);1000;1452286800000;1452373199999;payload;35
584;POINT (40.3583490 -0.5440573);1000;1452373200000;1452805199999;payload;63
585;POINT (41.0662672 0.1730691);1000;1452027600000;1452459599999;payload;89
586;POINT (40.8095500 -0.0553551);1000;1452200400000;1452286799999;payload;90
587;POINT (41.3510196 1.9159519);1000;1452200400000;1452373199999;payload;27
588;POINT (40.9642240 0.2902385);1000;1452200400000;1452286799999;payload;72
589;POINT (40.6061353 1.5419883);1000;1452459600000;1452545999999;payload;41
590;POINT (40.4248956 0.8097857);1000;1452027600000;1452200399999;payload;88
591;POINT (41.0761836 0.7022056);1000;1452114000000;1452373199999;payload;30
592;POINT (40.7140592 0.1327382);1000;1452114000000;1452545999999;payload;92
593;POINT (40.9632774 0.7566707);1000;1452286800000;1452632399999;payload;60
594;POINT (41.3231914 0.4651417);1000;1452200400000;1452632399999;payload;74
595;POINT (41.1539790 -0.6157663);1000;1452373200000;1452545999999;payload;27
596;POINT (41.2973491 -0.7918562);1000;1452286800000;1452632399999;payload;8
597;POINT (40.3732223 1.5982329);1000;1452027600000;1452113999999;payload;90
598;POINT (40.9661467 0.0679137);1000;1452459600000;1452718799999;payload;29
599;POINT (41.3935033 -0.8813531);1000;1452027600000;1452459599999;payload;33
600;POINT (40.0490142 -0.7864135);1000;1452459600000;1452805199999;payload;78
601;POINT (41.4545259 1.1259511);1000;1452286800000;1452545999999;payload;97
602;POINT (41.3545573 -0.7893008);1000;1452200400000;1452286799999;payload;1
603;POINT (40.2370290 1.1355507);1000;1452027600000;1452286799999;payload;57
604;POINT (40.1324707 -0.5583584);1000;1452027600000;1452459599999;payload;38
605;POINT (40.5141180 -0.6374846);1000;1452027600000;1452286799999;payload;54
606;POINT (40.9076031 1.9093335);1000;1452200400000;1452632399999;payload;91
607;POINT (41.1667415 1.4247873);1000;1452373200000;1452805199999;payload;51
608;POINT (40.2982513 1.3249898);1000;1452459600000;1452805199999;payload;19
609;POINT (40.8926041 0.9895510);1000;1452114000000;1452545999999;payload;2
610;POINT (40.3766650 0.2573422);1000;1452459600000;1452545999999;payload;65
611;POINT (41.0047775 1.7373634);1000;1452286800000;1452545999999;payload;93
612;POINT (40.0641896 -0.9641211);1000;1452286800000;1452459599999;payload;12
613;POINT (41.2325991 0.1742960);1000;1452200400000;1452286799999;payload;52
614;POINT (40.6608062 0.1766279);1000;1452027600000;1452373199999;payload;32
615;POINT (41.0752218 0.0427980);1000;1452459600000;1452545999999;payload;53
616;POINT (40.4849292 -0.4963230);1000;1452459600000;1452891599999;payload;14
617;POINT (40.2686232 -0.4970551);1000;1452286800000;1452545999999;payload;52
618;POINT (40.3299724 -0.9310938);1000;1452459600000;1452805199999;payload;57
619;POINT (40.3342137 0.0116061);1000;1452459600000;1452632399999;payload;39
620;POINT (40.4362148 0.5608241);1000;1452200400000;1452459599999;payload;50
621;POINT (40.9375162 1.1521919);1000;1452200400000;1452459599999;payload;57
622;POINT (40.3087274 -0.4267309);1000;1452027600000;1452459599999;payload;91
623;POINT (40.2307899 -0.3409564);1000;1452114000000;1452373199999;payload;65
624;POINT (41.0590649 1.7574018);1000;1452027600000;1452373199999;payload;90
625;POINT (40.6860868 1.4188541);1000;1452027600000;1452200399999;payload;34
626;POINT (41.2120378 1.4577519);1000;1452459600000;1452632399999;payload;55
627;POINT (40.2326741 -0.3157256);1000;1452200400000;1452545999999;payload;48
628;POINT (41.1721703 1.4727690);1000;1452200400000;1452632399999;payload;96
629;POINT (40.8488709 1.0216707);1000;1452200400000;1452286799999;payload;1
630;POINT (41.0069727 0.3936293);1000;1452200400000;1452459599999;payload;46
631;POINT (40.2912929 -0.6746213);1000;1452200400000;1452459599999;payload;22
632;POINT (40.4560766 -0.0280490);1000;1452027600000;1452459599999;payload;66
633;POINT (41.3395895 1.9475579);1000;1452286800000;1452718799999;payload;39
634;POINT (40.8530881 0.5702052);1000;1452459600000;1452632399999;payload;97
635;POINT (41.3693207 0.1742959);1000;1452027600000;1452200399999;payload;3
636;POINT (41.1043799 0.1965824);1000;1452373200000;1452805199999;payload;74
637;POINT (40.8762633 -0.9382371);1000;1452373200000;1452805199999;payload;25
638;POINT (40.5688427 0.7485641);1000;1452200400000;1452373199999;payload;87
639;POINT (40.9174785 -0.9775148);1000;1452286800000;1452459599999;payload;61
640;POINT (40.6599976 -0.5691023);1000;1452200400000;1452286799999;payload;92
641;POINT (41.2586946 -0.6096463);1000;1452027600000;1452200399999;payload;78
642;POINT (40.9704008 -0.5845759);1000;1452373200000;1452805199999;payload;46
643;POINT (41.4387431 1.1200169);1000;1452114000000;1452545999999;payload;74
644;POINT (41.4422032 -0.7906083);1000;1452373200000;1452718799999;payload;25
645;POINT (40.7553642 1.3628418);1000;1452459600000;1452545999999;payload;65
646;POINT (41.2527728 1.2780041);1000;1452027600000;1452200399999;payload;99
647;POINT (40.4726935 0.0849050);1000;1452200400000;1452632399999;payload;36
648;POINT (40.1387361 1.6197051);1000;1452027600000;1452113999999;payload;48
649;POINT (41.0447516 0.7475070);1000;1452114000000;1452286799999;payload;95
650;POINT (40.3316961 0.9410139);1000;1452459600000;1452805199999;payload;14
651;POINT (40.3995261 0.6964917);1000;1452200400000;1452286799999;payload;26
652;POINT (40.3857924 0.1103027);1000;1452459600000;1452632399999;payload;72
653;POINT (40.7733475 -0.3242828);1000;1452286800000;1452718799999;payload;68
654;POINT (41.1818785 -0.1700311);1000;1452459600000;1452891599999;payload;92
655;POINT (40.0612444 1.1206535);1000;1452459600000;1452805199999;payload;81
656;POINT (40.1770563 -0.9401173);1000;1452459600000;1452718799999;payload;59
657;POINT (41.4354825 0.1590603);1000;1452459600000;1452891599999;payload;22
658;POINT (41.1416425 1.2219922);1000;1452459600000;1452545999999;payload;16
659;POINT (40.3450256 1.4604859);1000;1452200400000;1452373199999;payload;34
660;POINT (40.9310522 1.4512933);1000;1452027600000;1452200399999;payload;30
661;POINT (40.7553751 -0.4286663);1000;1452027600000;1452286799999;payload;12
662;POINT (40.9844320 -0.2024767);1000;1452027600000;1452113999999;payload;24
663;POINT (41.3416945 1.9019763);1000;1452114000000;1452286799999;payload;34
664;POINT (41.2465418 -0.3856642);1000;1452286800000;1452545999999;payload;58
665;POINT (40.5127291 0.8402278);1000;1452459600000;1452545999999;payload;42
666;POINT (41.2800174 0.9904329);1000;1452459600000;1452545999999;payload;69
667;POINT (40.1397729 1.4673225);1000;1452459600000;1452718799999;payload;12
668;POINT (40.0842434 0.1077932);1000;1452027600000;1452459599999;payload;35
669;POINT (41.3531160 1.8659533);1000;1452027600000;1452459599999;payload;68
670;POINT (41.0104267 -0.3464948);1000;1452200400000;1452286799999;payload;71
671;POINT (41.1192627 1.8848381);1000;1452027600000;1452373199999;payload;60
672;POINT (41.4227187 -0.0267899);1000;1452286800000;1452718799999;payload;75
673;POINT (41.2307334 0.7152836);1000;1452459600000;1452718799999;payload;45
674;POINT (40.3413410 1.3822967);1000;1452114000000;1452373199999;payload;96
675;POINT (40.0653004 1.6226964);1000;1452459600000;1452632399999;payload;76
676;POINT (41.3768090 1.3616770);1000;1452459600000;1452632399999;payload;26
677;POINT (40.6466433 -0.0823629);1000;1452114000000;1452200399999;payload;61
678;POINT (40.3477121 -0.6166397);1000;1452459600000;1452718799999;payload;22
679;POINT (40.7564687 0.9981435);1000;1452459600000;1452632399999;payload;99
680;POINT (40.9278528 0.4329554);1000;1452114000000;1452459599999;payload;13
681;POINT (40.8680275 -0.9114335);1000;1452200400000;1452373199999;payload;92
682;POINT (41.4327410 -0.9606809);1000;1452200400000;1452459599999;payload;39
683;POINT (40.0631118 -0.5620525);1000;1452459600000;1452891599999;payload;89
684;POINT (40.6946264 -0.8152481);1000;1452459600000;1452718799999;payload;2
685;POINT (40.8908777 1.6990836);1000;1452027600000;1452373199999;payload;50
686;POINT (40.2677439 1.5937732);1000;1452373200000;1452459599999;payload;36
687;POINT (41.0920257 -0.1412079);1000;1452373200000;1452718799999;payload;73
688;POINT (40.4531169 -0.0460333);1000;1452373200000;1452459599999;payload;79
689;POINT (41.4629235 0.0748064);1000;1452373200000;1452632399999;payload;80
690;POINT (41.4557857 1.3820874);1000;1452114000000;1452459599999;payload;10
691;POINT (41.0117814 -0.6372779);1000;1452286800000;1452545999999;payload;86
692;POINT (40.6839063 0.6583867);1000;1452200400000;1452632399999;payload;74
693;POINT (40.9934198 1.9988857);1000;1452027600000;1452200399999;payload;99
694;POINT (40.2418543 -0.8004093);1000;1452114000000;1452373199999;payload;40
695;POINT (40.0358272 1.9497384);1000;1452459600000;1452891599999;payload;94
696;POINT (40.5794311 1.4686315);1000;1452459600000;1452545999999;payload;76
697;POINT (41.4478208 0.4692166);1000;1452286800000;1452632399999;payload;18
698;POINT (40.3606605 0.3559416);1000;1452200400000;1452459599999;payload;49
699;POINT (40.5104862 -0.6092948);1000;1452200400000;1452459599999;payload;100
700;POINT (41.4928160 -0.0847209);1000;1452114000000;1452545999999;payload;64
701;POINT (40.3183779 -0.2370708);1000;1452027600000;1452286799999;payload;46
702;POINT (40.1881335 0.9756057);1000;1452027600000;1452113999999;payload;38
703;POINT (40.7414782 0.7938255);1000;1452027600000;1452113999999;payload;78
704;POINT (40.4143826 1.4324288);1000;1452459600000;1452545999999;payload;56
705;POINT (40.6860071 -0.9982460);1000;1452459600000;1452805199999;payload;12
706;POINT (41.4658273 -0.9977267);1000;1452459600000;1452891599999;payload;41
707;POINT (40.9076097 0.9654372);1000;1452027600000;1452373199999;payload;88
708;POINT (40.2516414 -0.8322560);1000;1452200400000;1452373199999;payload;85
709;POINT (40.6297538 1.4800575);1000;1452286800000;1452632399999;payload;71
710;POINT (41.2204904 0.9139167);1000;1452373200000;1452718799999;payload;45
711;POINT (40.5238736 1.2997836);1000;1452459600000;1452632399999;payload;12
712;POINT (40.3956795 -0.2264690);1000;1452114000000;1452286799999;payload;91
713;POINT (41.0899895 0.1219309);1000;1452027600000;1452373199999;payload;88
714;POINT (40.4788702 -0.3299237);1000;1452027600000;1452113999999;payload;92
715;POINT (40.5680948 1.8039324);1000;1452200400000;1452459599999;payload;40
716;POINT (40.6198332 -0.6037762);1000;1452459600000;1452805199999;payload;30
717;POINT (41.0524622 0.2033858);1000;1452459600000;1452805199999;payload;38
718;POINT (40.7206715 -0.7920527);1000;1452200400000;1452545999999;payload;9
719;POINT (41.3730360 1.1577121);1000;1452200400000;1452459599999;payload;94
720;POINT (40.2004145 0.6274124);1000;1452027600000;1452286799999;payload;41
721;POINT (40.6049395 -0.9752317);1000;1452373200000;1452805199999;payload;44
722;POINT (41.3388300 1.1852745);1000;1452459600000;1452632399999;payload;1
723;POINT (40.4401899 0.4318503);1000;1452200400000;1452632399999;payload;6
724;POINT (41.4916332 1.6368234);1000;1452200400000;1452286799999;payload;48
725;POINT (40.5671321 -0.2666063);1000;1452200400000;1452632399999;payload;15
726;POINT (40.5291161 1.6819459);1000;1452027600000;1452373199999;payload;12
727;POINT (41.0247840 1.6925247);1000;1452027600000;1452113999999;payload;30
728;POINT (40.1218708 1.5826953);1000;1452200400000;1452286799999;payload;62
729;POINT (40.0531240 -0.7221199);1000;1452114000000;1452545999999;payload;60
730;POINT (40.2267737 1.4485936);1000;1452373200000;1452718799999;payload;17
731;POINT (40.0628966 1.8032002);1000;1452373200000;1452632399999;payload;46
732;POINT (40.3006956 -0.2812133);1000;1452373200000;1452718799999;payload;7
733;POINT (40.3880999 -0.3621373);1000;1452200400000;1452286799999;payload;6
734;POINT (41.1250137 0.4121389);1000;1452200400000;1452459599999;payload;7
735;POINT (41.4436844 0.7685123);1000;1452459600000;1452891599999;payload;79
736;POINT (40.0137202 -0.0844270);1000;1452373200000;1452545999999;payload;40
737;POINT (41.0215026 0.9146197);1000;1452373200000;1452805199999;payload;86
738;POINT (40.3736502 0.5105539);1000;1452373200000;1452805199999;payload;56
739;POINT (40.9784203 1.9764823);1000;1452459600000;1452805199999;payload;99
740;POINT (41.2680669 -0.3229200);1000;1452114000000;1452200399999;payload;35
741;POINT (40.7456774 1.8793197);1000;1452200400000;1452632399999;payload;35
742;POINT (40.9910203 0.9235297);1000;1452114000000;1452286799999;payload;75
743;POINT (40.0481498 1.4042772);1000;1452027600000;1452373199999;payload;6
744;POINT (40.7314790 -0.4540680);1000;1452459600000;1452632399999;payload;69
745;POINT (41.0249111 0.4999211);1000;1452286800000;1452459599999;payload;86
746;POINT (40.3280021 -0.5452056);1000;1452373200000;1452805199999;payload;53
747;POINT (40.4905577 0.2140612);1000;1452200400000;1452545999999;payload;91
748;POINT (41.1815924 -0.3939168);1000;1452459600000;1452891599999;payload;29
749;POINT (40.4069740 0.1360573);1000;1452114000000;1452545999999;payload;59
750;POINT (40.3234698 0.0079825);1000;1452459600000;1452632399999;payload;34
751;POINT (41.2879933 1.7603212);1000;1452286800000;1452373199999;payload;5
752;POINT (40.2192347 0.1578481);1000;1452200400000;1452545999999;payload;2
753;POINT (40.0101337 -0.8953680);1000;1452373200000;1452805199999;payload;11
754;POINT (41.1822144 -0.3746928);1000;1452027600000;1452113999999;payload;6
755;POINT (40.3104738 0.9471339);1000;1452459600000;1452632399999;payload;71
756;POINT (41.0359206 1.5373049);1000;1452200400000;1452373199999;payload;3
757;POINT (40.1026999 -0.7605643);1000;1452027600000;1452286799999;payload;21
758;POINT (41.1794547 1.2850036);1000;1452200400000;1452286799999;payload;79
759;POINT (40.3250309 0.4447881);1000;1452114000000;1452286799999;payload;72
760;POINT (41.3015444 -0.2851564);1000;1452027600000;1452286799999;payload;72
761;POINT (40.6852477 1.3196386);1000;1452286800000;1452545999999;payload;19
762;POINT (40.2409847 1.6840752);1000;1452286800000;1452545999999;payload;98
763;POINT (41.1621786 -0.1181943);1000;1452286800000;1452373199999;payload;72
764;POINT (40.7866330 0.3760655);1000;1452459600000;1452718799999;payload;4
765;POINT (40.9677833 1.6625102);1000;1452286800000;1452718799999;payload;68
766;POINT (40.4398806 0.3339311);1000;1452114000000;1452459599999;payload;81
767;POINT (40.6250292 -0.5045663);1000;1452200400000;1452545999999;payload;8
768;POINT (40.5356082 -0.0235327);1000;1452027600000;1452373199999;payload;99
769;POINT (41.0337670 0.6317733);1000;1452373200000;1452718799999;payload;46
770;POINT (40.1138065 -0.5666087);1000;1452459600000;1452718799999;payload;12
771;POINT (40.5392862 1.3655679);1000;1452459600000;1452545999999;payload;4
772;POINT (40.1492521 0.4131958);1000;1452200400000;1452459599999;payload;57
773;POINT (40.1210226 0.0066849);1000;1452459600000;1452891599999;payload;95
774;POINT (40.1825040 -0.5158382);1000;1452200400000;1452632399999;payload;30
775;POINT (40.8929873 0.3532580);1000;1452200400000;1452545999999;payload;27
776;POINT (40.4976065 1.5518663);1000;1452200400000;1452632399999;payload;83
777;POINT (41.2722383 0.1832135);1000;1452027600000;1452200399999;payload;52
778;POINT (40.9176833 0.3741400);1000;1452286800000;1452718799999;payload;43
779;POINT (40.8013828 1.3066253);1000;1452286800000;1452632399999;payload;11
780;POINT (40.9024502 0.7100350);1000;1452373200000;1452805199999;payload;24
781;POINT (41.1379625 0.9096755);1000;1452373200000;1452545999999;payload;71
782;POINT (41.3631954 0.5333171);1000;1452027600000;1452200399999;payload;31
783;POINT (41.2731378 -0.6217021);1000;1452373200000;1452718799999;payload;21
784;POINT (40.6838294 1.1405303);1000;1452027600000;1452459599999;payload;26
785;POINT (41.2452786 1.2469096);1000;1452373200000;1452459599999;payload;63
786;POINT (41.0044838 0.0636874);1000;1452373200000;1452718799999;payload;40
787;POINT (41.0628139 0.0391187);1000;1452200400000;1452632399999;payload;83
788;POINT (40.1848681 0.4866427);1000;1452027600000;1452113999999;payload;71
789;POINT (40.4861314 0.7315549);1000;1452373200000;1452718799999;payload;53
790;POINT (40.9396274 -0.2555556);1000;1452027600000;1452286799999;payload;96
791;POINT (41.2759516 0.7450926);1000;1452200400000;1452632399999;payload;6
792;POINT (40.6835650 1.4716656);1000;1452459600000;1452891599999;payload;93
793;POINT (40.4356903 0.3743371);1000;1452286800000;1452373199999;payload;50
794;POINT (40.8831187 1.7713075);1000;1452286800000;1452545999999;payload;52
795;POINT (41.0202382 0.9430315);1000;1452459600000;1452545999999;payload;12
796;POINT (40.2143765 0.1047213);1000;1452373200000;1452805199999;payload;63
797;POINT (40.1874011 -0.0517680);1000;1452200400000;1452545999999;payload;22
798;POINT (41.0277561 1.5509700);1000;1452286800000;1452373199999;payload;4
799;POINT (41.4707981 1.0697721);1000;1452373200000;1452805199999;payload;33
800;POINT (40.5205503 0.3565092);1000;1452114000000;1452286799999;payload;69
801;POINT (41.2797428 -0.3259269);1000;1452373200000;1452632399999;payload;5
802;POINT (41.0222343 -0.3354605);1000;1452027600000;1452373199999;payload;89
803;POINT (41.4017523 0.6612750);1000;1452027600000;1452459599999;payload;4
804;POINT (40.8738230 -0.3133416);1000;1452200400000;1452632399999;payload;21
805;POINT (41.4071428 0.1670136);1000;1452200400000;1452545999999;payload;3
806;POINT (40.6724644 -0.7026809);1000;1452286800000;1452373199999;payload;78
807;POINT (40.7919103 -0.9661419);1000;1452027600000;1452286799999;payload;21
808;POINT (40.0763932 1.9778353);1000;1452027600000;1452373199999;payload;2
809;POINT (40.4427810 0.5080047);1000;1452286800000;1452632399999;payload;100
810;POINT (40.1561246 1.4896696);1000;1452459600000;1452632399999;payload;11
811;POINT (40.8482758 1.5014525);1000;1452286800000;1452373199999;payload;3
812;POINT (40.1024790 -0.7997863);1000;1452027600000;1452113999999;payload;32
813;POINT (41.4441387 1.6942582);1000;1452027600000;1452373199999;payload;8
814;POINT (41.3057545 -0.6041827);1000;1452027600000;1452113999999;payload;1
815;POINT (41.3118030 0.4902252);1000;1452286800000;1452718799999;payload;25
816;POINT (40.2652096 0.0720328);1000;1452286800000;1452459599999;payload;8
817;POINT (40.3199438 0.6106096);1000;1452200400000;1452545999999;payload;90
818;POINT (40.2482641 1.3113522);1000;1452200400000;1452545999999;payload;82
819;POINT (40.1366704 -0.4094909);1000;1452459600000;1452718799999;payload;40
820;POINT (40.8414075 0.5627732);1000;1452114000000;1452373199999;payload;70
821;POINT (41.1552323 -0.2004349);1000;1452027600000;1452373199999;payload;7
822;POINT (40.4161644 1.0647016);1000;1452373200000;1452718799999;payload;16
823;POINT (41.4755196 -0.4593237);1000;1452027600000;1452373199999;payload;96
824;POINT (40.7975230 0.0691140);1000;1452200400000;1452632399999;payload;85
825;POINT (41.2559778 1.0408753);1000;1452459600000;1452805199999;payload;9
826;POINT (40.1727704 -0.5222694);1000;1452114000000;1452200399999;payload;14
827;POINT (40.9592553 0.1195816);1000;1452286800000;1452632399999;payload;38
828;POINT (40.5512624 -0.3341315);1000;1452027600000;1452113999999;payload;66
829;POINT (40.5164890 0.8391695);1000;1452027600000;1452286799999;payload;48
830;POINT (40.3075068 0.8884589);1000;1452286800000;1452718799999;payload;4
831;POINT (40.7123147 0.5315504);1000;1452373200000;1452632399999;payload;59
832;POINT (40.9969200 1.5988826);1000;1452459600000;1452632399999;payload;51
833;POINT (41.2742250 -0.5509617);1000;1452200400000;1452286799999;payload;18
834;POINT (40.9048020 0.3617174);1000;1452027600000;1452286799999;payload;74
835;POINT (41.0345448 1.4990524);1000;1452200400000;1452632399999;payload;89
836;POINT (41.3083982 -0.1205054);1000;1452459600000;1452805199999;payload;13
837;POINT (40.8558101 1.9069023);1000;1452027600000;1452286799999;payload;3
838;POINT (41.4933894 -0.2181966);1000;1452027600000;1452200399999;payload;5
839;POINT (40.2767820 -0.1083190);1000;1452459600000;1452718799999;payload;100
840;POINT (40.9125887 1.8946077);1000;1452114000000;1452286799999;payload;37
841;POINT (40.8253750 1.4007327);1000;1452200400000;1452632399999;payload;40
842;POINT (41.4310853 -0.9391879);1000;1452459600000;1452891599999;payload;66
843;POINT (40.0406352 1.4354356);1000;1452114000000;1452373199999;payload;74
844;POINT (41.3627355 0.1428744);1000;1452114000000;1452286799999;payload;48
845;POINT (40.3335448 -0.1460801);1000;1452200400000;1452459599999;payload;21
846;POINT (40.0903557 1.6175453);1000;1452459600000;1452545999999;payload;23
847;POINT (40.7358889 0.5111513);1000;1452027600000;1452373199999;payload;64
848;POINT (40.7390953 0.4362252);1000;1452200400000;1452373199999;payload;21
849;POINT (41.2483671 0.4246914);1000;1452114000000;1452373199999;payload;76
850;POINT (41.0446432 -0.9965662);1000;1452114000000;1452373199999;payload;45
851;POINT (41.2606391 -0.6694630);1000;1452027600000;1452113999999;payload;30
852;POINT (40.7465901 1.7632685);1000;1452286800000;1452632399999;payload;28
853;POINT (40.9916765 -0.7319159);1000;1452286800000;1452718799999;payload;50
854;POINT (40.0041871 1.4048611);1000;1452286800000;1452718799999;payload;25
855;POINT (41.2278808 -0.9010025);1000;1452200400000;1452459599999;payload;53
856;POINT (40.7168448 1.6857146);1000;1452373200000;1452718799999;payload;53
857;POINT (40.5012517 1.4604621);1000;1452027600000;1452286799999;payload;97
858;POINT (40.4866431 0.0736441);1000;1452027600000;1452200399999;payload;50
859;POINT (40.9743050 1.6967120);1000;1452373200000;1452718799999;payload;64
860;POINT (40.3364428 -0.5042632);1000;1452373200000;1452545999999;payload;27
861;POINT (41.0949603 -0.6772528);1000;1452114000000;1452545999999;payload;5
862;POINT (41.4221309 -0.9609070);1000;1452114000000;1452200399999;payload;63
863;POINT (41.1860255 -0.7935644);1000;1452286800000;1452718799999;payload;44
864;POINT (41.0685849 1.0287124);1000;1452373200000;1452805199999;payload;26
865;POINT (40.5017486 -0.1518316);1000;1452373200000;1452459599999;payload;5
866;POINT (40.0790279 0.8854452);1000;1452200400000;1452632399999;payload;44
867;POINT (41.2487452 -0.1041881);1000;1452286800000;1452373199999;payload;13
868;POINT (40.0649503 1.6178315);1000;1452286800000;1452545999999;payload;97
869;POINT (41.4213759 0.1839698);1000;1452286800000;1452545999999;payload;27
870;POINT (40.8363412 -0.6978056);1000;1452459600000;1452718799999;payload;70
871;POINT (41.1649475 -0.3527307);1000;1452286800000;1452718799999;payload;57
872;POINT (41.3813838 0.1078761);1000;1452459600000;1452718799999;payload;48
873;POINT (41.4727315 -0.8547033);1000;1452200400000;1452459599999;payload;62
874;POINT (41.4344074 -0.8121473);1000;1452114000000;1452286799999;payload;38
875;POINT (40.9206143 1.4107772);1000;1452373200000;1452632399999;payload;9
876;POINT (40.6148723 1.6983294);1000;1452459600000;1452805199999;payload;42
877;POINT (41.0190685 1.3526410);1000;1452373200000;1452632399999;payload;76
878;POINT (41.0532023 1.7905355);1000;1452459600000;1452891599999;payload;73
879;POINT (40.6330623 -0.7943152);1000;1452027600000;1452373199999;payload;70
880;POINT (40.2994632 -0.8459155);1000;1452027600000;1452373199999;payload;97
881;POINT (40.7138380 1.5750791);1000;1452459600000;1452891599999;payload;37
882;POINT (41.2839301 -0.1299489);1000;1452286800000;1452459599999;payload;51
883;POINT (41.3363151 -0.2631641);1000;1452373200000;1452459599999;payload;83
884;POINT (41.0277264 -0.1653966);1000;1452459600000;1452632399999;payload;82
885;POINT (40.5961050 -0.9052093);1000;1452373200000;1452459599999;payload;66
886;POINT (40.6840313 -0.9341853);1000;1452373200000;1452545999999;payload;48
887;POINT (40.3782990 0.7106979);1000;1452027600000;1452286799999;payload;31
888;POINT (41.4034175 0.9053294);1000;1452459600000;1452891599999;payload;44
889;POINT (40.2489840 0.0743499);1000;1452200400000;1452373199999;payload;33
890;POINT (40.3547403 1.3955833);1000;1452459600000;1452891599999;payload;27
891;POINT (40.9877014 -0.1987077);1000;1452286800000;1452632399999;payload;27
892;POINT (40.8089082 1.6369547);1000;1452114000000;1452373199999;payload;86
893;POINT (40.1511800 -0.9371447);1000;1452027600000;1452113999999;payload;12
894;POINT (40.2801144 -0.6481827);1000;1452027600000;1452286799999;payload;55
895;POINT (40.3222583 1.7107665);1000;1452200400000;1452286799999;payload;90
896;POINT (41.3406578 0.3935979);1000;1452200400000;1452373199999;payload;17
897;POINT (40.3387838 1.4710672);1000;1452286800000;1452545999999;payload;41
898;POINT (41.1184094 0.5922421);1000;1452373200000;1452805199999;payload;69
899;POINT (40.9415316 -0.6139343);1000;1452459600000;1452632399999;payload;78
900;POINT (40.9004274 0.8065418);1000;1452459600000;1452805199999;payload;67
901;POINT (40.4319365 0.2709985);1000;1452459600000;1452891599999;payload;42
902;POINT (41.1018024 0.2267898);1000;1452114000000;1452286799999;payload;59
903;POINT (40.9606148 -0.9107602);1000;1452027600000;1452200399999;payload;52
904;POINT (41.4519988 -0.6935642);1000;1452200400000;1452545999999;payload;38
905;POINT (40.8027147 0.5905069);1000;1452373200000;1452718799999;payload;100
906;POINT (41.0079908 0.9976717);1000;1452373200000;1452545999999;payload;70
907;POINT (41.1191604 -0.7010480);1000;1452200400000;1452286799999;payload;100
908;POINT (41.1467932 1.5022578);1000;1452200400000;1452459599999;payload;24
909;POINT (40.5810585 -0.2778629);1000;1452459600000;1452805199999;payload;76
910;POINT (40.6831061 1.7083357);1000;1452286800000;1452632399999;payload;7
911;POINT (40.5767047 0.8884430);1000;1452200400000;1452545999999;payload;55
912;POINT (40.9270633 0.7373469);1000;1452200400000;1452286799999;payload;38
913;POINT (40.9908425 1.4655720);1000;1452027600000;1452113999999;payload;89
914;POINT (40.9770615 0.6765364);1000;1452200400000;1452632399999;payload;92
915;POINT (40.8442919 0.7869151);1000;1452286800000;1452632399999;payload;77
916;POINT (40.2464760 0.8162133);1000;1452373200000;1452459599999;payload;9
917;POINT (41.0645947 0.6205074);1000;1452200400000;1452459599999;payload;99
918;POINT (40.2235521 0.2381570);1000;1452200400000;1452459599999;payload;99
919;POINT (41.3739055 -0.0556559);1000;1452373200000;1452632399999;payload;79
920;POINT (40.4787304 0.9489501);1000;1452459600000;1452632399999;payload;31
921;POINT (40.6159231 1.7268104);1000;1452027600000;1452459599999;payload;80
922;POINT (40.9388385 0.5504036);1000;1452114000000;1452373199999;payload;7
923;POINT (41.0138104 0.5514893);1000;1452459600000;1452805199999;payload;23
924;POINT (40.9224665 -0.2974159);1000;1452200400000;1452632399999;payload;85
925;POINT (41.2099704 0.5373594);1000;1452373200000;1452718799999;payload;42
926;POINT (40.9950506 0.3301256);1000;1452027600000;1452113999999;payload;89
927;POINT (41.2241897 1.6128974);1000;1452200400000;1452286799999;payload;24
928;POINT (40.4577789 1.6306059);1000;1452286800000;1452373199999;payload;25
929;POINT (41.4532696 -0.3441459);1000;1452459600000;1452632399999;payload;95
930;POINT (40.3791019 -0.9637210);1000;1452459600000;1452891599999;payload;31
931;POINT (40.2341190 0.1593520);1000;1452200400000;1452373199999;payload;74
932;POINT (40.7241938 0.6101716);1000;1452114000000;1452286799999;payload;45
933;POINT (40.5061842 -0.7271395);1000;1452459600000;1452718799999;payload;21
934;POINT (40.7551290 0.2182732);1000;1452286800000;1452545999999;payload;46
935;POINT (41.1881117 0.5443267);1000;1452373200000;1452459599999;payload;69
936;POINT (40.2141610 -0.6771163);1000;1452027600000;1452373199999;payload;89
937;POINT (40.6429092 1.3856593);1000;1452286800000;1452718799999;payload;41
938;POINT (40.2100030 1.9959879);1000;1452459600000;1452718799999;payload;18
939;POINT (40.8236188 0.5761480);1000;1452114000000;1452545999999;payload;53
940;POINT (40.5200152 0.1342764);1000;1452027600000;1452459599999;payload;98
941;POINT (41.2786752 1.8924987);1000;1452373200000;1452545999999;payload;44
942;POINT (40.8095523 1.4698426);1000;1452459600000;1452632399999;payload;57
943;POINT (40.0152511 -0.8018275);1000;1452286800000;1452373199999;payload;84
944;POINT (40.4511489 1.9999612);1000;1452286800000;1452373199999;payload;86
945;POINT (41.2187562 1.9076948);1000;1452459600000;1452891599999;payload;28
946;POINT (41.2980551 0.2529695);1000;1452027600000;1452286799999;payload;47
947;POINT (40.6822468 0.8822298);1000;1452114000000;1452373199999;payload;4
948;POINT (41.2477448 0.4625346);1000;1452459600000;1452632399999;payload;49
949;POINT (40.8659015 0.0945227);1000;1452373200000;1452459599999;payload;7
950;POINT (40.4701178 1.3747202);1000;1452286800000;1452718799999;payload;68
951;POINT (41.0313648 0.5230224);1000;1452200400000;1452286799999;payload;53
952;POINT (40.3668767 0.0093794);1000;1452459600000;1452718799999;payload;63
953;POINT (40.5487488 -0.8197403);1000;1452373200000;1452632399999;payload;82
954;POINT (40.1625989 0.1337652);1000;1452459600000;1452891599999;payload;44
955;POINT (40.9823687 -0.7715820);1000;1452027600000;1452113999999;payload;93
956;POINT (40.7271504 -0.4350442);1000;1452373200000;1452805199999;payload;28
957;POINT (41.4586945 1.3305983);1000;1452027600000;1452200399999;payload;42
958;POINT (40.6996783 -0.7041109);1000;1452114000000;1452373199999;payload;60
959;POINT (40.7021270 0.8955660);1000;1452459600000;1452718799999;payload;22
960;POINT (41.2385527 -0.2105425);1000;1452286800000;1452459599999;payload;51
961;POINT (40.1655102 -0.0332921);1000;1452373200000;1452805199999;payload;75
962;POINT (40.2024707 1.3974222);1000;1452114000000;1452545999999;payload;43
963;POINT (41.4532024 1.6160809);1000;1452459600000;1452805199999;payload;19
964;POINT (40.2345724 1.1516903);1000;1452200400000;1452459599999;payload;92
965;POINT (40.7207768 -0.0599249);1000;1452027600000;1452286799999;payload;91
966;POINT (40.0283207 -0.9759937);1000;1452373200000;1452718799999;payload;83
967;POINT (40.2487912 0.8417739);1000;1452459600000;1452718799999;payload;59
968;POINT (40.8518774 0.1542050);1000;1452114000000;1452459599999;payload;75
969;POINT (40.4669714 0.5762162);1000;1452459600000;1452805199999;payload;56
970;POINT (40.1858132 -0.7136182);1000;1452114000000;1452545999999;payload;38
971;POINT (40.8541596 1.2551015);1000;1452027600000;1452113999999;payload;34
972;POINT (41.3104655 -0.0346919);1000;1452286800000;1452718799999;payload;24
973;POINT (40.5417201 -0.0835151);1000;1452286800000;1452545999999;payload;69
974;POINT (40.6759321 0.2164024);1000;1452027600000;1452459599999;payload;23
975;POINT (40.2256061 0.1468992);1000;1452459600000;1452805199999;payload;29
976;POINT (41.3057947 0.4618282);1000;1452114000000;1452373199999;payload;66
977;POINT (40.0518145 0.6698464);1000;1452114000000;1452373199999;payload;65
978;POINT (40.3927089 -0.2972885);1000;1452373200000;1452718799999;payload;55
979;POINT (41.1611283 0.3492566);1000;1452373200000;1452545999999;payload;66
980;POINT (41.2862688 0.2849325);1000;1452027600000;1452459599999;payload;51
981;POINT (41.1397070 1.0167862);1000;1452200400000;1452373199999;payload;46
982;POINT (41.0669649 0.8533151);1000;1452459600000;1452805199999;payload;49
983;POINT (40.5849747 0.2203156);1000;1452027600000;1452200399999;payload;67
984;POINT (41.2096377 -0.2010244);1000;1452027600000;1452459599999;payload;96
985;POINT (40.5135147 1.0126401);1000;1452286800000;1452718799999;payload;62
986;POINT (40.6402100 1.5494780);1000;1452114000000;1452200399999;payload;97
987;POINT (41.0634576 1.5193423);1000;1452373200000;1452459599999;payload;67
988;POINT (41.1533840 -0.2993122);1000;1452459600000;1452805199999;payload;41
989;POINT (40.6782637 -0.7155068);1000;1452200400000;1452632399999;payload;100
990;POINT (41.1157171 -0.4007567);1000;1452373200000;1452632399999;payload;74
991;POINT (40.6553630 -0.5826400);1000;1452200400000;1452286799999;payload;91
992;POINT (40.5610133 1.6486075);1000;1452373200000;1452545999999;payload;52
993;POINT (41.4983051 -0.3650961);1000;1452200400000;1452545999999;payload;47
994;POINT (40.5656035 1.6074255);1000;1452373200000;1452718799999;payload;9
995;POINT (40.0429004 -0.9535698);1000;1452373200000;1452718799999;payload;12
996;POINT (40.6314892 1.6953486);1000;1452200400000;1452632399999;payload;78
997;POINT (40.9062924 1.4676384);1000;1452286800000;1452718799999;payload;44
998;POINT (41.4422586 -0.9411127);1000;1452373200000;1452805199999;payload;61
999;POINT (40.7709483 1.8552150);1000;1452286800000;1452632399999;payload;23
